date_id,year,month,day,quarter,day_of_week,day_name,is_weekend
2024-01-01,2024,1,1,1,0,Monday,f
2024-01-02,2024,1,2,1,1,Tuesday,f
2024-01-03,2024,1,3,1,2,Wednesday,f
2024-01-04,2024,1,4,1,3,Thursday,f
2024-01-05,2024,1,5,1,4,Friday,f
2024-01-06,2024,1,6,1,5,Saturday,t
2024-01-07,2024,1,7,1,6,Sunday,t
2024-01-08,2024,1,8,1,0,Monday,f
2024-01-09,2024,1,9,1,1,Tuesday,f
2024-01-10,2024,1,10,1,2,Wednesday,f
2024-01-11,2024,1,11,1,3,Thursday,f
2024-01-12,2024,1,12,1,4,Friday,f
2024-01-13,2024,1,13,1,5,Saturday,t
2024-01-14,2024,1,14,1,6,Sunday,t
2024-01-15,2024,1,15,1,0,Monday,f
2024-01-16,2024,1,16,1,1,Tuesday,f
2024-01-17,2024,1,17,1,2,Wednesday,f
2024-01-18,2024,1,18,1,3,Thursday,f
2024-01-19,2024,1,19,1,4,Friday,f
2024-01-20,2024,1,20,1,5,Saturday,t
2024-01-21,2024,1,21,1,6,Sunday,t
2024-01-22,2024,1,22,1,0,Monday,f
2024-01-23,2024,1,23,1,1,Tuesday,f
2024-01-24,2024,1,24,1,2,Wednesday,f
2024-01-25,2024,1,25,1,3,Thursday,f
2024-01-26,2024,1,26,1,4,Friday,f
2024-01-27,2024,1,27,1,5,Saturday,t
2024-01-28,2024,1,28,1,6,Sunday,t
2024-01-29,2024,1,29,1,0,Monday,f
2024-01-30,2024,1,30,1,1,Tuesday,f
2024-01-31,2024,1,31,1,2,Wednesday,f
2024-02-01,2024,2,1,1,3,Thursday,f
2024-02-02,2024,2,2,1,4,Friday,f
2024-02-03,2024,2,3,1,5,Saturday,t
2024-02-04,2024,2,4,1,6,Sunday,t
2024-02-05,2024,2,5,1,0,Monday,f
2024-02-06,2024,2,6,1,1,Tuesday,f
2024-02-07,2024,2,7,1,2,Wednesday,f
2024-02-08,2024,2,8,1,3,Thursday,f
2024-02-09,2024,2,9,1,4,Friday,f
2024-02-10,2024,2,10,1,5,Saturday,t
2024-02-11,2024,2,11,1,6,Sunday,t
2024-02-12,2024,2,12,1,0,Monday,f
2024-02-13,2024,2,13,1,1,Tuesday,f
2024-02-14,2024,2,14,1,2,Wednesday,f
2024-02-15,2024,2,15,1,3,Thursday,f
2024-02-16,2024,2,16,1,4,Friday,f
2024-02-17,2024,2,17,1,5,Saturday,t
2024-02-18,2024,2,18,1,6,Sunday,t
2024-02-19,2024,2,19,1,0,Monday,f
2024-02-20,2024,2,20,1,1,Tuesday,f
2024-02-21,2024,2,21,1,2,Wednesday,f
2024-02-22,2024,2,22,1,3,Thursday,f
2024-02-23,2024,2,23,1,4,Friday,f
2024-02-24,2024,2,24,1,5,Saturday,t
2024-02-25,2024,2,25,1,6,Sunday,t
2024-02-26,2024,2,26,1,0,Monday,f
2024-02-27,2024,2,27,1,1,Tuesday,f
2024-02-28,2024,2,28,1,2,Wednesday,f
2024-02-29,2024,2,29,1,3,Thursday,f
2024-03-01,2024,3,1,1,4,Friday,f
2024-03-02,2024,3,2,1,5,Saturday,t
2024-03-03,2024,3,3,1,6,Sunday,t
2024-03-04,2024,3,4,1,0,Monday,f
2024-03-05,2024,3,5,1,1,Tuesday,f
2024-03-06,2024,3,6,1,2,Wednesday,f
2024-03-07,2024,3,7,1,3,Thursday,f
2024-03-08,2024,3,8,1,4,Friday,f
2024-03-09,2024,3,9,1,5,Saturday,t
2024-03-10,2024,3,10,1,6,Sunday,t
2024-03-11,2024,3,11,1,0,Monday,f
2024-03-12,2024,3,12,1,1,Tuesday,f
2024-03-13,2024,3,13,1,2,Wednesday,f
2024-03-14,2024,3,14,1,3,Thursday,f
2024-03-15,2024,3,15,1,4,Friday,f
2024-03-16,2024,3,16,1,5,Saturday,t
2024-03-17,2024,3,17,1,6,Sunday,t
2024-03-18,2024,3,18,1,0,Monday,f
2024-03-19,2024,3,19,1,1,Tuesday,f
2024-03-20,2024,3,20,1,2,Wednesday,f
2024-03-21,2024,3,21,1,3,Thursday,f
2024-03-22,2024,3,22,1,4,Friday,f
2024-03-23,2024,3,23,1,5,Saturday,t
2024-03-24,2024,3,24,1,6,Sunday,t
2024-03-25,2024,3,25,1,0,Monday,f
2024-03-26,2024,3,26,1,1,Tuesday,f
2024-03-27,2024,3,27,1,2,Wednesday,f
2024-03-28,2024,3,28,1,3,Thursday,f
2024-03-29,2024,3,29,1,4,Friday,f
2024-03-30,2024,3,30,1,5,Saturday,t
2024-03-31,2024,3,31,1,6,Sunday,t
2024-04-01,2024,4,1,2,0,Monday,f
2024-04-02,2024,4,2,2,1,Tuesday,f
2024-04-03,2024,4,3,2,2,Wednesday,f
2024-04-04,2024,4,4,2,3,Thursday,f
2024-04-05,2024,4,5,2,4,Friday,f
2024-04-06,2024,4,6,2,5,Saturday,t
2024-04-07,2024,4,7,2,6,Sunday,t
2024-04-08,2024,4,8,2,0,Monday,f
2024-04-09,2024,4,9,2,1,Tuesday,f
2024-04-10,2024,4,10,2,2,Wednesday,f
2024-04-11,2024,4,11,2,3,Thursday,f
2024-04-12,2024,4,12,2,4,Friday,f
2024-04-13,2024,4,13,2,5,Saturday,t
2024-04-14,2024,4,14,2,6,Sunday,t
2024-04-15,2024,4,15,2,0,Monday,f
2024-04-16,2024,4,16,2,1,Tuesday,f
2024-04-17,2024,4,17,2,2,Wednesday,f
2024-04-18,2024,4,18,2,3,Thursday,f
2024-04-19,2024,4,19,2,4,Friday,f
2024-04-20,2024,4,20,2,5,Saturday,t
2024-04-21,2024,4,21,2,6,Sunday,t
2024-04-22,2024,4,22,2,0,Monday,f
2024-04-23,2024,4,23,2,1,Tuesday,f
2024-04-24,2024,4,24,2,2,Wednesday,f
2024-04-25,2024,4,25,2,3,Thursday,f
2024-04-26,2024,4,26,2,4,Friday,f
2024-04-27,2024,4,27,2,5,Saturday,t
2024-04-28,2024,4,28,2,6,Sunday,t
2024-04-29,2024,4,29,2,0,Monday,f
2024-04-30,2024,4,30,2,1,Tuesday,f
2024-05-01,2024,5,1,2,2,Wednesday,f
2024-05-02,2024,5,2,2,3,Thursday,f
2024-05-03,2024,5,3,2,4,Friday,f
2024-05-04,2024,5,4,2,5,Saturday,t
2024-05-05,2024,5,5,2,6,Sunday,t
2024-05-06,2024,5,6,2,0,Monday,f
2024-05-07,2024,5,7,2,1,Tuesday,f
2024-05-08,2024,5,8,2,2,Wednesday,f
2024-05-09,2024,5,9,2,3,Thursday,f
2024-05-10,2024,5,10,2,4,Friday,f
2024-05-11,2024,5,11,2,5,Saturday,t
2024-05-12,2024,5,12,2,6,Sunday,t
2024-05-13,2024,5,13,2,0,Monday,f
2024-05-14,2024,5,14,2,1,Tuesday,f
2024-05-15,2024,5,15,2,2,Wednesday,f
2024-05-16,2024,5,16,2,3,Thursday,f
2024-05-17,2024,5,17,2,4,Friday,f
2024-05-18,2024,5,18,2,5,Saturday,t
2024-05-19,2024,5,19,2,6,Sunday,t
2024-05-20,2024,5,20,2,0,Monday,f
2024-05-21,2024,5,21,2,1,Tuesday,f
2024-05-22,2024,5,22,2,2,Wednesday,f
2024-05-23,2024,5,23,2,3,Thursday,f
2024-05-24,2024,5,24,2,4,Friday,f
2024-05-25,2024,5,25,2,5,Saturday,t
2024-05-26,2024,5,26,2,6,Sunday,t
2024-05-27,2024,5,27,2,0,Monday,f
2024-05-28,2024,5,28,2,1,Tuesday,f
2024-05-29,2024,5,29,2,2,Wednesday,f
2024-05-30,2024,5,30,2,3,Thursday,f
2024-05-31,2024,5,31,2,4,Friday,f
2024-06-01,2024,6,1,2,5,Saturday,t
2024-06-02,2024,6,2,2,6,Sunday,t
2024-06-03,2024,6,3,2,0,Monday,f
2024-06-04,2024,6,4,2,1,Tuesday,f
2024-06-05,2024,6,5,2,2,Wednesday,f
2024-06-06,2024,6,6,2,3,Thursday,f
2024-06-07,2024,6,7,2,4,Friday,f
2024-06-08,2024,6,8,2,5,Saturday,t
2024-06-09,2024,6,9,2,6,Sunday,t
2024-06-10,2024,6,10,2,0,Monday,f
2024-06-11,2024,6,11,2,1,Tuesday,f
2024-06-12,2024,6,12,2,2,Wednesday,f
2024-06-13,2024,6,13,2,3,Thursday,f
2024-06-14,2024,6,14,2,4,Friday,f
2024-06-15,2024,6,15,2,5,Saturday,t
2024-06-16,2024,6,16,2,6,Sunday,t
2024-06-17,2024,6,17,2,0,Monday,f
2024-06-18,2024,6,18,2,1,Tuesday,f
2024-06-19,2024,6,19,2,2,Wednesday,f
2024-06-20,2024,6,20,2,3,Thursday,f
2024-06-21,2024,6,21,2,4,Friday,f
2024-06-22,2024,6,22,2,5,Saturday,t
2024-06-23,2024,6,23,2,6,Sunday,t
2024-06-24,2024,6,24,2,0,Monday,f
2024-06-25,2024,6,25,2,1,Tuesday,f
2024-06-26,2024,6,26,2,2,Wednesday,f
2024-06-27,2024,6,27,2,3,Thursday,f
2024-06-28,2024,6,28,2,4,Friday,f
2024-06-29,2024,6,29,2,5,Saturday,t
2024-06-30,2024,6,30,2,6,Sunday,t
2024-07-01,2024,7,1,3,0,Monday,f
2024-07-02,2024,7,2,3,1,Tuesday,f
2024-07-03,2024,7,3,3,2,Wednesday,f
2024-07-04,2024,7,4,3,3,Thursday,f
2024-07-05,2024,7,5,3,4,Friday,f
2024-07-06,2024,7,6,3,5,Saturday,t
2024-07-07,2024,7,7,3,6,Sunday,t
2024-07-08,2024,7,8,3,0,Monday,f
2024-07-09,2024,7,9,3,1,Tuesday,f
2024-07-10,2024,7,10,3,2,Wednesday,f
2024-07-11,2024,7,11,3,3,Thursday,f
2024-07-12,2024,7,12,3,4,Friday,f
2024-07-13,2024,7,13,3,5,Saturday,t
2024-07-14,2024,7,14,3,6,Sunday,t
2024-07-15,2024,7,15,3,0,Monday,f
2024-07-16,2024,7,16,3,1,Tuesday,f
2024-07-17,2024,7,17,3,2,Wednesday,f
2024-07-18,2024,7,18,3,3,Thursday,f
2024-07-19,2024,7,19,3,4,Friday,f
2024-07-20,2024,7,20,3,5,Saturday,t
2024-07-21,2024,7,21,3,6,Sunday,t
2024-07-22,2024,7,22,3,0,Monday,f
2024-07-23,2024,7,23,3,1,Tuesday,f
2024-07-24,2024,7,24,3,2,Wednesday,f
2024-07-25,2024,7,25,3,3,Thursday,f
2024-07-26,2024,7,26,3,4,Friday,f
2024-07-27,2024,7,27,3,5,Saturday,t
2024-07-28,2024,7,28,3,6,Sunday,t
2024-07-29,2024,7,29,3,0,Monday,f
2024-07-30,2024,7,30,3,1,Tuesday,f
2024-07-31,2024,7,31,3,2,Wednesday,f
2024-08-01,2024,8,1,3,3,Thursday,f
2024-08-02,2024,8,2,3,4,Friday,f
2024-08-03,2024,8,3,3,5,Saturday,t
2024-08-04,2024,8,4,3,6,Sunday,t
2024-08-05,2024,8,5,3,0,Monday,f
2024-08-06,2024,8,6,3,1,Tuesday,f
2024-08-07,2024,8,7,3,2,Wednesday,f
2024-08-08,2024,8,8,3,3,Thursday,f
2024-08-09,2024,8,9,3,4,Friday,f
2024-08-10,2024,8,10,3,5,Saturday,t
2024-08-11,2024,8,11,3,6,Sunday,t
2024-08-12,2024,8,12,3,0,Monday,f
2024-08-13,2024,8,13,3,1,Tuesday,f
2024-08-14,2024,8,14,3,2,Wednesday,f
2024-08-15,2024,8,15,3,3,Thursday,f
2024-08-16,2024,8,16,3,4,Friday,f
2024-08-17,2024,8,17,3,5,Saturday,t
2024-08-18,2024,8,18,3,6,Sunday,t
2024-08-19,2024,8,19,3,0,Monday,f
2024-08-20,2024,8,20,3,1,Tuesday,f
2024-08-21,2024,8,21,3,2,Wednesday,f
2024-08-22,2024,8,22,3,3,Thursday,f
2024-08-23,2024,8,23,3,4,Friday,f
2024-08-24,2024,8,24,3,5,Saturday,t
2024-08-25,2024,8,25,3,6,Sunday,t
2024-08-26,2024,8,26,3,0,Monday,f
2024-08-27,2024,8,27,3,1,Tuesday,f
2024-08-28,2024,8,28,3,2,Wednesday,f
2024-08-29,2024,8,29,3,3,Thursday,f
2024-08-30,2024,8,30,3,4,Friday,f
2024-08-31,2024,8,31,3,5,Saturday,t
2024-09-01,2024,9,1,3,6,Sunday,t
2024-09-02,2024,9,2,3,0,Monday,f
2024-09-03,2024,9,3,3,1,Tuesday,f
2024-09-04,2024,9,4,3,2,Wednesday,f
2024-09-05,2024,9,5,3,3,Thursday,f
2024-09-06,2024,9,6,3,4,Friday,f
2024-09-07,2024,9,7,3,5,Saturday,t
2024-09-08,2024,9,8,3,6,Sunday,t
2024-09-09,2024,9,9,3,0,Monday,f
2024-09-10,2024,9,10,3,1,Tuesday,f
2024-09-11,2024,9,11,3,2,Wednesday,f
2024-09-12,2024,9,12,3,3,Thursday,f
2024-09-13,2024,9,13,3,4,Friday,f
2024-09-14,2024,9,14,3,5,Saturday,t
2024-09-15,2024,9,15,3,6,Sunday,t
2024-09-16,2024,9,16,3,0,Monday,f
2024-09-17,2024,9,17,3,1,Tuesday,f
2024-09-18,2024,9,18,3,2,Wednesday,f
2024-09-19,2024,9,19,3,3,Thursday,f
2024-09-20,2024,9,20,3,4,Friday,f
2024-09-21,2024,9,21,3,5,Saturday,t
2024-09-22,2024,9,22,3,6,Sunday,t
2024-09-23,2024,9,23,3,0,Monday,f
2024-09-24,2024,9,24,3,1,Tuesday,f
2024-09-25,2024,9,25,3,2,Wednesday,f
2024-09-26,2024,9,26,3,3,Thursday,f
2024-09-27,2024,9,27,3,4,Friday,f
2024-09-28,2024,9,28,3,5,Saturday,t
2024-09-29,2024,9,29,3,6,Sunday,t
2024-09-30,2024,9,30,3,0,Monday,f
2024-10-01,2024,10,1,4,1,Tuesday,f
2024-10-02,2024,10,2,4,2,Wednesday,f
2024-10-03,2024,10,3,4,3,Thursday,f
2024-10-04,2024,10,4,4,4,Friday,f
2024-10-05,2024,10,5,4,5,Saturday,t
2024-10-06,2024,10,6,4,6,Sunday,t
2024-10-07,2024,10,7,4,0,Monday,f
2024-10-08,2024,10,8,4,1,Tuesday,f
2024-10-09,2024,10,9,4,2,Wednesday,f
2024-10-10,2024,10,10,4,3,Thursday,f
2024-10-11,2024,10,11,4,4,Friday,f
2024-10-12,2024,10,12,4,5,Saturday,t
2024-10-13,2024,10,13,4,6,Sunday,t
2024-10-14,2024,10,14,4,0,Monday,f
2024-10-15,2024,10,15,4,1,Tuesday,f
2024-10-16,2024,10,16,4,2,Wednesday,f
2024-10-17,2024,10,17,4,3,Thursday,f
2024-10-18,2024,10,18,4,4,Friday,f
2024-10-19,2024,10,19,4,5,Saturday,t
2024-10-20,2024,10,20,4,6,Sunday,t
2024-10-21,2024,10,21,4,0,Monday,f
2024-10-22,2024,10,22,4,1,Tuesday,f
2024-10-23,2024,10,23,4,2,Wednesday,f
2024-10-24,2024,10,24,4,3,Thursday,f
2024-10-25,2024,10,25,4,4,Friday,f
2024-10-26,2024,10,26,4,5,Saturday,t
2024-10-27,2024,10,27,4,6,Sunday,t
2024-10-28,2024,10,28,4,0,Monday,f
2024-10-29,2024,10,29,4,1,Tuesday,f
2024-10-30,2024,10,30,4,2,Wednesday,f
2024-10-31,2024,10,31,4,3,Thursday,f
2024-11-01,2024,11,1,4,4,Friday,f
2024-11-02,2024,11,2,4,5,Saturday,t
2024-11-03,2024,11,3,4,6,Sunday,t
2024-11-04,2024,11,4,4,0,Monday,f
2024-11-05,2024,11,5,4,1,Tuesday,f
2024-11-06,2024,11,6,4,2,Wednesday,f
2024-11-07,2024,11,7,4,3,Thursday,f
2024-11-08,2024,11,8,4,4,Friday,f
2024-11-09,2024,11,9,4,5,Saturday,t
2024-11-10,2024,11,10,4,6,Sunday,t
2024-11-11,2024,11,11,4,0,Monday,f
2024-11-12,2024,11,12,4,1,Tuesday,f
2024-11-13,2024,11,13,4,2,Wednesday,f
2024-11-14,2024,11,14,4,3,Thursday,f
2024-11-15,2024,11,15,4,4,Friday,f
2024-11-16,2024,11,16,4,5,Saturday,t
2024-11-17,2024,11,17,4,6,Sunday,t
2024-11-18,2024,11,18,4,0,Monday,f
2024-11-19,2024,11,19,4,1,Tuesday,f
2024-11-20,2024,11,20,4,2,Wednesday,f
2024-11-21,2024,11,21,4,3,Thursday,f
2024-11-22,2024,11,22,4,4,Friday,f
2024-11-23,2024,11,23,4,5,Saturday,t
2024-11-24,2024,11,24,4,6,Sunday,t
2024-11-25,2024,11,25,4,0,Monday,f
2024-11-26,2024,11,26,4,1,Tuesday,f
2024-11-27,2024,11,27,4,2,Wednesday,f
2024-11-28,2024,11,28,4,3,Thursday,f
2024-11-29,2024,11,29,4,4,Friday,f
2024-11-30,2024,11,30,4,5,Saturday,t
2024-12-01,2024,12,1,4,6,Sunday,t
2024-12-02,2024,12,2,4,0,Monday,f
2024-12-03,2024,12,3,4,1,Tuesday,f
2024-12-04,2024,12,4,4,2,Wednesday,f
2024-12-05,2024,12,5,4,3,Thursday,f
2024-12-06,2024,12,6,4,4,Friday,f
2024-12-07,2024,12,7,4,5,Saturday,t
2024-12-08,2024,12,8,4,6,Sunday,t
2024-12-09,2024,12,9,4,0,Monday,f
2024-12-10,2024,12,10,4,1,Tuesday,f
2024-12-11,2024,12,11,4,2,Wednesday,f
2024-12-12,2024,12,12,4,3,Thursday,f
2024-12-13,2024,12,13,4,4,Friday,f
2024-12-14,2024,12,14,4,5,Saturday,t
2024-12-15,2024,12,15,4,6,Sunday,t
2024-12-16,2024,12,16,4,0,Monday,f
2024-12-17,2024,12,17,4,1,Tuesday,f
2024-12-18,2024,12,18,4,2,Wednesday,f
2024-12-19,2024,12,19,4,3,Thursday,f
2024-12-20,2024,12,20,4,4,Friday,f
2024-12-21,2024,12,21,4,5,Saturday,t
2024-12-22,2024,12,22,4,6,Sunday,t
2024-12-23,2024,12,23,4,0,Monday,f
2024-12-24,2024,12,24,4,1,Tuesday,f
2024-12-25,2024,12,25,4,2,Wednesday,f
2024-12-26,2024,12,26,4,3,Thursday,f
2024-12-27,2024,12,27,4,4,Friday,f
2024-12-28,2024,12,28,4,5,Saturday,t
2024-12-29,2024,12,29,4,6,Sunday,t
2024-12-30,2024,12,30,4,0,Monday,f
2024-12-31,2024,12,31,4,1,Tuesday,f
2025-01-01,2025,1,1,1,2,Wednesday,f
2025-01-02,2025,1,2,1,3,Thursday,f
2025-01-03,2025,1,3,1,4,Friday,f
2025-01-04,2025,1,4,1,5,Saturday,t
2025-01-05,2025,1,5,1,6,Sunday,t
2025-01-06,2025,1,6,1,0,Monday,f
2025-01-07,2025,1,7,1,1,Tuesday,f
2025-01-08,2025,1,8,1,2,Wednesday,f
2025-01-09,2025,1,9,1,3,Thursday,f
2025-01-10,2025,1,10,1,4,Friday,f
2025-01-11,2025,1,11,1,5,Saturday,t
2025-01-12,2025,1,12,1,6,Sunday,t
2025-01-13,2025,1,13,1,0,Monday,f
2025-01-14,2025,1,14,1,1,Tuesday,f
2025-01-15,2025,1,15,1,2,Wednesday,f
2025-01-16,2025,1,16,1,3,Thursday,f
2025-01-17,2025,1,17,1,4,Friday,f
2025-01-18,2025,1,18,1,5,Saturday,t
2025-01-19,2025,1,19,1,6,Sunday,t
2025-01-20,2025,1,20,1,0,Monday,f
2025-01-21,2025,1,21,1,1,Tuesday,f
2025-01-22,2025,1,22,1,2,Wednesday,f
2025-01-23,2025,1,23,1,3,Thursday,f
2025-01-24,2025,1,24,1,4,Friday,f
2025-01-25,2025,1,25,1,5,Saturday,t
2025-01-26,2025,1,26,1,6,Sunday,t
2025-01-27,2025,1,27,1,0,Monday,f
2025-01-28,2025,1,28,1,1,Tuesday,f
2025-01-29,2025,1,29,1,2,Wednesday,f
2025-01-30,2025,1,30,1,3,Thursday,f
2025-01-31,2025,1,31,1,4,Friday,f
2025-02-01,2025,2,1,1,5,Saturday,t
2025-02-02,2025,2,2,1,6,Sunday,t
2025-02-03,2025,2,3,1,0,Monday,f
2025-02-04,2025,2,4,1,1,Tuesday,f
2025-02-05,2025,2,5,1,2,Wednesday,f
2025-02-06,2025,2,6,1,3,Thursday,f
2025-02-07,2025,2,7,1,4,Friday,f
2025-02-08,2025,2,8,1,5,Saturday,t
2025-02-09,2025,2,9,1,6,Sunday,t
2025-02-10,2025,2,10,1,0,Monday,f
2025-02-11,2025,2,11,1,1,Tuesday,f
2025-02-12,2025,2,12,1,2,Wednesday,f
2025-02-13,2025,2,13,1,3,Thursday,f
2025-02-14,2025,2,14,1,4,Friday,f
2025-02-15,2025,2,15,1,5,Saturday,t
2025-02-16,2025,2,16,1,6,Sunday,t
2025-02-17,2025,2,17,1,0,Monday,f
2025-02-18,2025,2,18,1,1,Tuesday,f
2025-02-19,2025,2,19,1,2,Wednesday,f
2025-02-20,2025,2,20,1,3,Thursday,f
2025-02-21,2025,2,21,1,4,Friday,f
2025-02-22,2025,2,22,1,5,Saturday,t
2025-02-23,2025,2,23,1,6,Sunday,t
2025-02-24,2025,2,24,1,0,Monday,f
2025-02-25,2025,2,25,1,1,Tuesday,f
2025-02-26,2025,2,26,1,2,Wednesday,f
2025-02-27,2025,2,27,1,3,Thursday,f
2025-02-28,2025,2,28,1,4,Friday,f
2025-03-01,2025,3,1,1,5,Saturday,t
2025-03-02,2025,3,2,1,6,Sunday,t
2025-03-03,2025,3,3,1,0,Monday,f
2025-03-04,2025,3,4,1,1,Tuesday,f
2025-03-05,2025,3,5,1,2,Wednesday,f
2025-03-06,2025,3,6,1,3,Thursday,f
2025-03-07,2025,3,7,1,4,Friday,f
2025-03-08,2025,3,8,1,5,Saturday,t
2025-03-09,2025,3,9,1,6,Sunday,t
2025-03-10,2025,3,10,1,0,Monday,f
2025-03-11,2025,3,11,1,1,Tuesday,f
2025-03-12,2025,3,12,1,2,Wednesday,f
2025-03-13,2025,3,13,1,3,Thursday,f
2025-03-14,2025,3,14,1,4,Friday,f
2025-03-15,2025,3,15,1,5,Saturday,t
2025-03-16,2025,3,16,1,6,Sunday,t
2025-03-17,2025,3,17,1,0,Monday,f
2025-03-18,2025,3,18,1,1,Tuesday,f
2025-03-19,2025,3,19,1,2,Wednesday,f
2025-03-20,2025,3,20,1,3,Thursday,f
2025-03-21,2025,3,21,1,4,Friday,f
2025-03-22,2025,3,22,1,5,Saturday,t
2025-03-23,2025,3,23,1,6,Sunday,t
2025-03-24,2025,3,24,1,0,Monday,f
2025-03-25,2025,3,25,1,1,Tuesday,f
2025-03-26,2025,3,26,1,2,Wednesday,f
2025-03-27,2025,3,27,1,3,Thursday,f
2025-03-28,2025,3,28,1,4,Friday,f
2025-03-29,2025,3,29,1,5,Saturday,t
2025-03-30,2025,3,30,1,6,Sunday,t
2025-03-31,2025,3,31,1,0,Monday,f
2025-04-01,2025,4,1,2,1,Tuesday,f
2025-04-02,2025,4,2,2,2,Wednesday,f
2025-04-03,2025,4,3,2,3,Thursday,f
2025-04-04,2025,4,4,2,4,Friday,f
2025-04-05,2025,4,5,2,5,Saturday,t
2025-04-06,2025,4,6,2,6,Sunday,t
2025-04-07,2025,4,7,2,0,Monday,f
2025-04-08,2025,4,8,2,1,Tuesday,f
2025-04-09,2025,4,9,2,2,Wednesday,f
2025-04-10,2025,4,10,2,3,Thursday,f
2025-04-11,2025,4,11,2,4,Friday,f
2025-04-12,2025,4,12,2,5,Saturday,t
2025-04-13,2025,4,13,2,6,Sunday,t
2025-04-14,2025,4,14,2,0,Monday,f
2025-04-15,2025,4,15,2,1,Tuesday,f
2025-04-16,2025,4,16,2,2,Wednesday,f
2025-04-17,2025,4,17,2,3,Thursday,f
2025-04-18,2025,4,18,2,4,Friday,f
2025-04-19,2025,4,19,2,5,Saturday,t
2025-04-20,2025,4,20,2,6,Sunday,t
2025-04-21,2025,4,21,2,0,Monday,f
2025-04-22,2025,4,22,2,1,Tuesday,f
2025-04-23,2025,4,23,2,2,Wednesday,f
2025-04-24,2025,4,24,2,3,Thursday,f
2025-04-25,2025,4,25,2,4,Friday,f
2025-04-26,2025,4,26,2,5,Saturday,t
2025-04-27,2025,4,27,2,6,Sunday,t
2025-04-28,2025,4,28,2,0,Monday,f
2025-04-29,2025,4,29,2,1,Tuesday,f
2025-04-30,2025,4,30,2,2,Wednesday,f
2025-05-01,2025,5,1,2,3,Thursday,f
2025-05-02,2025,5,2,2,4,Friday,f
2025-05-03,2025,5,3,2,5,Saturday,t
2025-05-04,2025,5,4,2,6,Sunday,t
2025-05-05,2025,5,5,2,0,Monday,f
2025-05-06,2025,5,6,2,1,Tuesday,f
2025-05-07,2025,5,7,2,2,Wednesday,f
2025-05-08,2025,5,8,2,3,Thursday,f
2025-05-09,2025,5,9,2,4,Friday,f
2025-05-10,2025,5,10,2,5,Saturday,t
2025-05-11,2025,5,11,2,6,Sunday,t
2025-05-12,2025,5,12,2,0,Monday,f
2025-05-13,2025,5,13,2,1,Tuesday,f
2025-05-14,2025,5,14,2,2,Wednesday,f
2025-05-15,2025,5,15,2,3,Thursday,f
2025-05-16,2025,5,16,2,4,Friday,f
2025-05-17,2025,5,17,2,5,Saturday,t
2025-05-18,2025,5,18,2,6,Sunday,t
2025-05-19,2025,5,19,2,0,Monday,f
2025-05-20,2025,5,20,2,1,Tuesday,f
2025-05-21,2025,5,21,2,2,Wednesday,f
2025-05-22,2025,5,22,2,3,Thursday,f
2025-05-23,2025,5,23,2,4,Friday,f
2025-05-24,2025,5,24,2,5,Saturday,t
2025-05-25,2025,5,25,2,6,Sunday,t
2025-05-26,2025,5,26,2,0,Monday,f
2025-05-27,2025,5,27,2,1,Tuesday,f
2025-05-28,2025,5,28,2,2,Wednesday,f
2025-05-29,2025,5,29,2,3,Thursday,f
2025-05-30,2025,5,30,2,4,Friday,f
2025-05-31,2025,5,31,2,5,Saturday,t
2025-06-01,2025,6,1,2,6,Sunday,t
2025-06-02,2025,6,2,2,0,Monday,f
2025-06-03,2025,6,3,2,1,Tuesday,f
2025-06-04,2025,6,4,2,2,Wednesday,f
2025-06-05,2025,6,5,2,3,Thursday,f
2025-06-06,2025,6,6,2,4,Friday,f
2025-06-07,2025,6,7,2,5,Saturday,t
2025-06-08,2025,6,8,2,6,Sunday,t
2025-06-09,2025,6,9,2,0,Monday,f
2025-06-10,2025,6,10,2,1,Tuesday,f
2025-06-11,2025,6,11,2,2,Wednesday,f
2025-06-12,2025,6,12,2,3,Thursday,f
2025-06-13,2025,6,13,2,4,Friday,f
2025-06-14,2025,6,14,2,5,Saturday,t
2025-06-15,2025,6,15,2,6,Sunday,t
2025-06-16,2025,6,16,2,0,Monday,f
2025-06-17,2025,6,17,2,1,Tuesday,f
2025-06-18,2025,6,18,2,2,Wednesday,f
2025-06-19,2025,6,19,2,3,Thursday,f
2025-06-20,2025,6,20,2,4,Friday,f
2025-06-21,2025,6,21,2,5,Saturday,t
2025-06-22,2025,6,22,2,6,Sunday,t
2025-06-23,2025,6,23,2,0,Monday,f
2025-06-24,2025,6,24,2,1,Tuesday,f
2025-06-25,2025,6,25,2,2,Wednesday,f
2025-06-26,2025,6,26,2,3,Thursday,f
2025-06-27,2025,6,27,2,4,Friday,f
2025-06-28,2025,6,28,2,5,Saturday,t
2025-06-29,2025,6,29,2,6,Sunday,t
2025-06-30,2025,6,30,2,0,Monday,f
2025-07-01,2025,7,1,3,1,Tuesday,f
2025-07-02,2025,7,2,3,2,Wednesday,f
2025-07-03,2025,7,3,3,3,Thursday,f
2025-07-04,2025,7,4,3,4,Friday,f
2025-07-05,2025,7,5,3,5,Saturday,t
2025-07-06,2025,7,6,3,6,Sunday,t
2025-07-07,2025,7,7,3,0,Monday,f
2025-07-08,2025,7,8,3,1,Tuesday,f
2025-07-09,2025,7,9,3,2,Wednesday,f
2025-07-10,2025,7,10,3,3,Thursday,f
2025-07-11,2025,7,11,3,4,Friday,f
2025-07-12,2025,7,12,3,5,Saturday,t
2025-07-13,2025,7,13,3,6,Sunday,t
2025-07-14,2025,7,14,3,0,Monday,f
2025-07-15,2025,7,15,3,1,Tuesday,f
2025-07-16,2025,7,16,3,2,Wednesday,f
2025-07-17,2025,7,17,3,3,Thursday,f
2025-07-18,2025,7,18,3,4,Friday,f
2025-07-19,2025,7,19,3,5,Saturday,t
2025-07-20,2025,7,20,3,6,Sunday,t
2025-07-21,2025,7,21,3,0,Monday,f
2025-07-22,2025,7,22,3,1,Tuesday,f
2025-07-23,2025,7,23,3,2,Wednesday,f
2025-07-24,2025,7,24,3,3,Thursday,f
2025-07-25,2025,7,25,3,4,Friday,f
2025-07-26,2025,7,26,3,5,Saturday,t
2025-07-27,2025,7,27,3,6,Sunday,t
2025-07-28,2025,7,28,3,0,Monday,f
2025-07-29,2025,7,29,3,1,Tuesday,f
2025-07-30,2025,7,30,3,2,Wednesday,f
2025-07-31,2025,7,31,3,3,Thursday,f
2025-08-01,2025,8,1,3,4,Friday,f
2025-08-02,2025,8,2,3,5,Saturday,t
2025-08-03,2025,8,3,3,6,Sunday,t
2025-08-04,2025,8,4,3,0,Monday,f
2025-08-05,2025,8,5,3,1,Tuesday,f
2025-08-06,2025,8,6,3,2,Wednesday,f
2025-08-07,2025,8,7,3,3,Thursday,f
2025-08-08,2025,8,8,3,4,Friday,f
2025-08-09,2025,8,9,3,5,Saturday,t
2025-08-10,2025,8,10,3,6,Sunday,t
2025-08-11,2025,8,11,3,0,Monday,f
2025-08-12,2025,8,12,3,1,Tuesday,f
2025-08-13,2025,8,13,3,2,Wednesday,f
2025-08-14,2025,8,14,3,3,Thursday,f
2025-08-15,2025,8,15,3,4,Friday,f
2025-08-16,2025,8,16,3,5,Saturday,t
2025-08-17,2025,8,17,3,6,Sunday,t
2025-08-18,2025,8,18,3,0,Monday,f
2025-08-19,2025,8,19,3,1,Tuesday,f
2025-08-20,2025,8,20,3,2,Wednesday,f
2025-08-21,2025,8,21,3,3,Thursday,f
2025-08-22,2025,8,22,3,4,Friday,f
2025-08-23,2025,8,23,3,5,Saturday,t
2025-08-24,2025,8,24,3,6,Sunday,t
2025-08-25,2025,8,25,3,0,Monday,f
2025-08-26,2025,8,26,3,1,Tuesday,f
2025-08-27,2025,8,27,3,2,Wednesday,f
2025-08-28,2025,8,28,3,3,Thursday,f
2025-08-29,2025,8,29,3,4,Friday,f
2025-08-30,2025,8,30,3,5,Saturday,t
2025-08-31,2025,8,31,3,6,Sunday,t
2025-09-01,2025,9,1,3,0,Monday,f
2025-09-02,2025,9,2,3,1,Tuesday,f
2025-09-03,2025,9,3,3,2,Wednesday,f
2025-09-04,2025,9,4,3,3,Thursday,f
2025-09-05,2025,9,5,3,4,Friday,f
2025-09-06,2025,9,6,3,5,Saturday,t
2025-09-07,2025,9,7,3,6,Sunday,t
2025-09-08,2025,9,8,3,0,Monday,f
2025-09-09,2025,9,9,3,1,Tuesday,f
2025-09-10,2025,9,10,3,2,Wednesday,f
2025-09-11,2025,9,11,3,3,Thursday,f
2025-09-12,2025,9,12,3,4,Friday,f
2025-09-13,2025,9,13,3,5,Saturday,t
2025-09-14,2025,9,14,3,6,Sunday,t
2025-09-15,2025,9,15,3,0,Monday,f
2025-09-16,2025,9,16,3,1,Tuesday,f
2025-09-17,2025,9,17,3,2,Wednesday,f
2025-09-18,2025,9,18,3,3,Thursday,f
2025-09-19,2025,9,19,3,4,Friday,f
2025-09-20,2025,9,20,3,5,Saturday,t
2025-09-21,2025,9,21,3,6,Sunday,t
2025-09-22,2025,9,22,3,0,Monday,f
2025-09-23,2025,9,23,3,1,Tuesday,f
2025-09-24,2025,9,24,3,2,Wednesday,f
2025-09-25,2025,9,25,3,3,Thursday,f
2025-09-26,2025,9,26,3,4,Friday,f
2025-09-27,2025,9,27,3,5,Saturday,t
2025-09-28,2025,9,28,3,6,Sunday,t
2025-09-29,2025,9,29,3,0,Monday,f
2025-09-30,2025,9,30,3,1,Tuesday,f
2025-10-01,2025,10,1,4,2,Wednesday,f
2025-10-02,2025,10,2,4,3,Thursday,f
2025-10-03,2025,10,3,4,4,Friday,f
2025-10-04,2025,10,4,4,5,Saturday,t
2025-10-05,2025,10,5,4,6,Sunday,t
2025-10-06,2025,10,6,4,0,Monday,f
2025-10-07,2025,10,7,4,1,Tuesday,f
2025-10-08,2025,10,8,4,2,Wednesday,f
2025-10-09,2025,10,9,4,3,Thursday,f
2025-10-10,2025,10,10,4,4,Friday,f
2025-10-11,2025,10,11,4,5,Saturday,t
2025-10-12,2025,10,12,4,6,Sunday,t
2025-10-13,2025,10,13,4,0,Monday,f
2025-10-14,2025,10,14,4,1,Tuesday,f
2025-10-15,2025,10,15,4,2,Wednesday,f
2025-10-16,2025,10,16,4,3,Thursday,f
2025-10-17,2025,10,17,4,4,Friday,f
2025-10-18,2025,10,18,4,5,Saturday,t
2025-10-19,2025,10,19,4,6,Sunday,t
2025-10-20,2025,10,20,4,0,Monday,f
2025-10-21,2025,10,21,4,1,Tuesday,f
2025-10-22,2025,10,22,4,2,Wednesday,f
2025-10-23,2025,10,23,4,3,Thursday,f
2025-10-24,2025,10,24,4,4,Friday,f
2025-10-25,2025,10,25,4,5,Saturday,t
2025-10-26,2025,10,26,4,6,Sunday,t
2025-10-27,2025,10,27,4,0,Monday,f
2025-10-28,2025,10,28,4,1,Tuesday,f
2025-10-29,2025,10,29,4,2,Wednesday,f
2025-10-30,2025,10,30,4,3,Thursday,f
2025-10-31,2025,10,31,4,4,Friday,f
2025-11-01,2025,11,1,4,5,Saturday,t
2025-11-02,2025,11,2,4,6,Sunday,t
2025-11-03,2025,11,3,4,0,Monday,f
2025-11-04,2025,11,4,4,1,Tuesday,f
2025-11-05,2025,11,5,4,2,Wednesday,f
2025-11-06,2025,11,6,4,3,Thursday,f
2025-11-07,2025,11,7,4,4,Friday,f
2025-11-08,2025,11,8,4,5,Saturday,t
2025-11-09,2025,11,9,4,6,Sunday,t
2025-11-10,2025,11,10,4,0,Monday,f
2025-11-11,2025,11,11,4,1,Tuesday,f
2025-11-12,2025,11,12,4,2,Wednesday,f
2025-11-13,2025,11,13,4,3,Thursday,f
2025-11-14,2025,11,14,4,4,Friday,f
2025-11-15,2025,11,15,4,5,Saturday,t
2025-11-16,2025,11,16,4,6,Sunday,t
2025-11-17,2025,11,17,4,0,Monday,f
2025-11-18,2025,11,18,4,1,Tuesday,f
2025-11-19,2025,11,19,4,2,Wednesday,f
2025-11-20,2025,11,20,4,3,Thursday,f
2025-11-21,2025,11,21,4,4,Friday,f
2025-11-22,2025,11,22,4,5,Saturday,t
2025-11-23,2025,11,23,4,6,Sunday,t
2025-11-24,2025,11,24,4,0,Monday,f
2025-11-25,2025,11,25,4,1,Tuesday,f
2025-11-26,2025,11,26,4,2,Wednesday,f
2025-11-27,2025,11,27,4,3,Thursday,f
2025-11-28,2025,11,28,4,4,Friday,f
2025-11-29,2025,11,29,4,5,Saturday,t
2025-11-30,2025,11,30,4,6,Sunday,t
2025-12-01,2025,12,1,4,0,Monday,f
2025-12-02,2025,12,2,4,1,Tuesday,f
2025-12-03,2025,12,3,4,2,Wednesday,f
2025-12-04,2025,12,4,4,3,Thursday,f
2025-12-05,2025,12,5,4,4,Friday,f
2025-12-06,2025,12,6,4,5,Saturday,t
2025-12-07,2025,12,7,4,6,Sunday,t
2025-12-08,2025,12,8,4,0,Monday,f
2025-12-09,2025,12,9,4,1,Tuesday,f
2025-12-10,2025,12,10,4,2,Wednesday,f
2025-12-11,2025,12,11,4,3,Thursday,f
2025-12-12,2025,12,12,4,4,Friday,f
2025-12-13,2025,12,13,4,5,Saturday,t
2025-12-14,2025,12,14,4,6,Sunday,t
2025-12-15,2025,12,15,4,0,Monday,f
2025-12-16,2025,12,16,4,1,Tuesday,f
2025-12-17,2025,12,17,4,2,Wednesday,f
2025-12-18,2025,12,18,4,3,Thursday,f
2025-12-19,2025,12,19,4,4,Friday,f
2025-12-20,2025,12,20,4,5,Saturday,t
2025-12-21,2025,12,21,4,6,Sunday,t
2025-12-22,2025,12,22,4,0,Monday,f
2025-12-23,2025,12,23,4,1,Tuesday,f
2025-12-24,2025,12,24,4,2,Wednesday,f
2025-12-25,2025,12,25,4,3,Thursday,f
2025-12-26,2025,12,26,4,4,Friday,f
2025-12-27,2025,12,27,4,5,Saturday,t
2025-12-28,2025,12,28,4,6,Sunday,t
2025-12-29,2025,12,29,4,0,Monday,f
2025-12-30,2025,12,30,4,1,Tuesday,f
2025-12-31,2025,12,31,4,2,Wednesday,f
